<?xml version="1.0" encoding="utf-8"?>
<!DOCTYPE hibernate-mapping PUBLIC 
 "-//Hibernate/Hibernate Mapping DTD//EN"
 "http://www.hibernate.org/dtd/hibernate-mapping-3.0.dtd"> 

<hibernate-mapping package="gomrok">
   <class name="Ezharname" table="Ezharname">
      <meta attribute="class-description">
         This class contains the Ezharname detail. 
      </meta>
      <id name="id" type="integer">
      <column name="ezid" />
            <generator class="increment"></generator> 
      </id>
      <property name="Date" column="Date" type="string"/>
      <property name="TajerName" column="TajerName" type="string"/>
      <property name="TajerLastname" column="TajerLastname" type="string"/>
      <property name="TajerNationalID" column="TajerNationalID" type="integer"/>
      <property name="Quantity" column="Quantity" type="integer"/>
      <property name="TotalPriceOFStuffs" column="TotalPriceOFStuffs" type="integer"/>
      
      <many-to-one name="MasulGomrok" class="MasulGomrok"
			column="PersonnelID" not-null="true"/>
			
	  <set name="License" inverse="true" cascade="all">
				<key column="id" not-null="true" />
				<one-to-many class="License"/>
			</set>
			
		<set name="Stuff" inverse="true" cascade="all">
				<key column="id" not-null="true" />
				<one-to-many class="Stuff"/>
			</set>
      
   </class>
</hibernate-mapping>