<?xml version="1.0" encoding="utf-8"?>
<!DOCTYPE hibernate-mapping PUBLIC 
 "-//Hibernate/Hibernate Mapping DTD//EN"
 "http://www.hibernate.org/dtd/hibernate-mapping-3.0.dtd"> 

<hibernate-mapping package="gomrok">
   <class name="Logininfo" table="Logininfo">
      <meta attribute="class-description">
         This class contains the Logininfo detail. 
      </meta>
      <id name="id" type="integer">
      <column name="id" />
            <generator class="increment"></generator> 
      </id>
      <property name="UserName" column="UserName" type="string"/>
      <property name="Password" column="Password" type="string"/>
       <property name="LoginType" column="LoginType" type="integer"/>
   </class>
</hibernate-mapping>