<?xml version="1.0" encoding="utf-8"?>
<!DOCTYPE hibernate-mapping PUBLIC 
 "-//Hibernate/Hibernate Mapping DTD//EN"
 "http://www.hibernate.org/dtd/hibernate-mapping-3.0.dtd"> 

<hibernate-mapping package="gomrok">
   <class name="MasulGomrok" table="MasulGomrok">
      <meta attribute="class-description">
         This class contains the address detail. 
      </meta>
      <id name="PersonnelID" type="integer">
      <column name="PersonnelID" />
            <generator class="increment"></generator> 
      </id>
      <property name="FirstName" column="FirstName" type="string"/>
      <property name="LastName" column="LastName" type="string"/>
      <property name="Post" column="Post" type="string"/>
      	
		<set name="Ezharname" inverse="true" cascade="all">
				<key column="ezid" not-null="true" />
				<one-to-many class="Ezharname"/>
			</set>
	      
   </class>
</hibernate-mapping>