<?xml version="1.0" encoding="utf-8"?>
<!DOCTYPE hibernate-mapping PUBLIC 
 "-//Hibernate/Hibernate Mapping DTD//EN"
 "http://www.hibernate.org/dtd/hibernate-mapping-3.0.dtd"> 

<hibernate-mapping package="gomrok">
   <class name="Rule" table="Rule">
      <meta attribute="class-description">
         This class contains the Rule detail. 
      </meta>
      <id name="id" type="integer">
      <column name="id" />
            <generator class="increment"></generator> 
      </id>
      <property name="FromDate" column="FromDate" type="string"/>
      <property name="ToDate" column="ToDate" type="string"/>
      <property name="FromTotalPrice" column="FromTotalPrice" type="integer"/>
      <property name="ToTotalPrice" column="ToTotalPrice" type="integer"/>
      <property name="ToUnitPrice" column="ToUnitPrice" type="integer"/>
      <property name="ApproachID" column="ApproachID" type="integer"/>
      <property name="Stuffs" column="Stuffs" type="string"/>
      <property name="Companies" column="Companies" type="string"/>
      <property name="Mojavez" column="Mojavez" type="integer"/>
   </class>
</hibernate-mapping>