<?xml version="1.0" encoding="utf-8"?>
<!DOCTYPE hibernate-mapping PUBLIC 
 "-//Hibernate/Hibernate Mapping DTD//EN"
 "http://www.hibernate.org/dtd/hibernate-mapping-3.0.dtd"> 

<hibernate-mapping package="gomrok">
   <class name="Stuff" table="Stuff">
      <meta attribute="class-description">
         This class contains the Stuff detail. 
      </meta>
      <id name="id" type="integer">
      <column name="id" />
            <generator class="increment"></generator> 
      </id>
      <property name="StuffName" column="StuffName" type="string"/>
      <property name="Quantity" column="Quantity" type="integer"/>
      <property name="weight" column="weight" type="integer"/>
      <property name="UnitPrice" column="UnitPrice" type="integer"/>
      <property name="CompanyName" column="CompanyName" type="string"/>
      <property name="SourceCountry" column="SourceCountry" type="string"/>
      <property name="ApproachID" column="ApproachID" type="integer"/>
      
      <many-to-one name="Ezharname" class="Ezharname"
			column="ezid" not-null="true"/>
      
   </class>
</hibernate-mapping>