<?xml version="1.0" encoding="utf-8"?>
<!DOCTYPE hibernate-mapping PUBLIC 
 "-//Hibernate/Hibernate Mapping DTD//EN"
 "http://www.hibernate.org/dtd/hibernate-mapping-3.0.dtd"> 

<hibernate-mapping package="gomrok">
   <class name="Tajer" table="Tajer">
      <meta attribute="class-description">
         This class contains the address detail. 
      </meta>
      <id name="id" type="integer">
      <column name="id" />
            <generator class="increment"></generator> 
      </id>
      <property name="FirstName" column="FirstName" type="string"/>
      <property name="LastName" column="LastName" type="string"/>
      <property name="Address" column="Address" type="string"/>
      <property name="PhoneNumber" column="PhoneNumber" type="string"/>
   </class>
</hibernate-mapping>