<?xml version="1.0" encoding="utf-8"?>
<!DOCTYPE hibernate-mapping PUBLIC 
 "-//Hibernate/Hibernate Mapping DTD//EN"
 "http://www.hibernate.org/dtd/hibernate-mapping-3.0.dtd"> 

<hibernate-mapping package="gomrok">
   <class name="Ezharname" table="Ezharname">
      <meta attribute="class-description">
         This class contains the Ezharname detail. 
      </meta>
      <id name="id" type="integer">
      <column name="id" />
            <generator class="increment"></generator> 
      </id>
      <property name="Date" column="Date" type="string"/>
      <property name="TajerName" column="TajerName" type="string"/>
      <property name="TajerLastname" column="TajerLastname" type="string"/>
      <property name="TajerNationalID" column="TajerNationalID" type="integer"/>
      <property name="SourceCountry" column="SourceCountry" type="string"/>
      <property name="Approach" column="Approach" type="integer"/>
      <property name="NumberOFStuffs" column="NumberOFStuffs" type="integer"/>
      <property name="PriceOFStuffs" column="PriceOFStuffs" type="integer"/>
   </class>
</hibernate-mapping>