<?xml version="1.0" encoding="utf-8"?>
<!DOCTYPE hibernate-mapping PUBLIC 
 "-//Hibernate/Hibernate Mapping DTD//EN"
 "http://www.hibernate.org/dtd/hibernate-mapping-3.0.dtd"> 

<hibernate-mapping package="Domain">
   <class name="Ezharname" table="Ezharname">
      <meta attribute="class-description">
         This class contains the Ezharname detail. 
      </meta>
      <id name="ezid" type="integer">
      <column name="ezid" />
            <generator class="increment"></generator> 
      </id>
      <property name="Date" column="Date" type="string"/>
      <property name="TajerName" column="TajerName" type="string"/>
      <property name="TajerLastname" column="TajerLastname" type="string"/>
      <property name="TajerNationalID" column="TajerNationalID" type="integer"/>
				
		<set name="Stuff" inverse="false" cascade="all" lazy="false">
				<key column="ezid" not-null="true" />
				<one-to-many class="Domain.Stuff"/>
			</set>
      
   </class>
</hibernate-mapping>