<!DOCTYPE hibernate-configuration PUBLIC
        "-//Hibernate/Hibernate Configuration DTD 3.0//EN"
        "http://www.hibernate.org/dtd/hibernate-configuration-3.0.dtd">

<hibernate-configuration>
    <session-factory>
        <property name="hibernate.dialect">org.hibernate.dialect.PostgreSQLDialect</property>
        <property name="hibernate.connection.driver_class">org.postgresql.Driver</property>
        <property name="hibernate.connection.username">postgres</property>
        <property name="hibernate.connection.password">1234</property>
        <property name="hibernate.connection.url">jdbc:postgresql://localhost:5432/gomrok</property>
        <property name="connection_pool_size">5</property>
        <property name="hbm2ddl.auto">update</property>
        <property name="show_sql">true</property>

       <mapping resource="Tajer.hbm.xml"/>
       <mapping resource="MasulGomrok.hbm.xml"/>
       <mapping resource="MasulVezaratkhane.hbm.xml"/>
       <mapping resource="Login.hbm.xml"/>
       <mapping resource="Ezharname.hbm.xml"/>
       <mapping resource="Stuff.hbm.xml"/>
       <mapping resource="Rule.hbm.xml"/>
       <mapping resource="License.hbm.xml"/>

    </session-factory>
</hibernate-configuration>