<?xml version="1.0" encoding="utf-8"?>
<!DOCTYPE hibernate-mapping PUBLIC 
 "-//Hibernate/Hibernate Mapping DTD//EN"
 "http://www.hibernate.org/dtd/hibernate-mapping-3.0.dtd"> 

<hibernate-mapping package="Domain">
   <class name="License" table="License">
      <meta attribute="class-description">
         This class contains the License detail. 
      </meta>
      <id name="id" type="integer">
      <column name="Licenseid" />
            <generator class="increment"></generator> 
      </id>
      <property name="RegisterDate" column="RegisterDate" type="string"/>
      <property name="ExpireDate" column="ExpireDate" type="string"/>
      <property name="StuffName" column="StuffName" type="string"/>
      <property name="Quantity" column="Quantity" type="integer"/>
      <property name="UnitPrice" column="UnitPrice" type="integer"/>
      <property name="UnitWeight" column="UnitWeight" type="integer"/>
      <property name="Company" column="Company" type="string"/>
      <property name="SourceCountry" column="SourceCountry" type="string"/>
      <property name="Type" column="Type" type="integer"/>
      
      <many-to-one name="Tajer" class="Tajer" insert="false" update="false"
            column="tid" not-null="true"/>
      
   </class>
</hibernate-mapping>