<?xml version="1.0" encoding="utf-8"?>
<!DOCTYPE hibernate-mapping PUBLIC 
 "-//Hibernate/Hibernate Mapping DTD//EN"
 "http://www.hibernate.org/dtd/hibernate-mapping-3.0.dtd"> 

<hibernate-mapping package="Domain">
   <class name="MasulVezaratkhane" table="MasulVezaratkhane">
      <meta attribute="class-description">
         This class contains the MasulVezaratkhane detail. 
      </meta>
      <id name="PersonnelID" column="PersonnelID" type="integer">
      	<generator class="increment"></generator> 
      </id>
      <property name="FirstName" column="FirstName" type="string"/>
      <property name="LastName" column="LastName" type="string"/>
      <property name="VID" column="VID" type="integer"/>
      <property name="Post" column="Post" type="string"/>
   </class>
</hibernate-mapping>