<?xml version="1.0" encoding="utf-8"?>
<!DOCTYPE hibernate-mapping PUBLIC 
 "-//Hibernate/Hibernate Mapping DTD//EN"
 "http://www.hibernate.org/dtd/hibernate-mapping-3.0.dtd"> 

<hibernate-mapping package="Domain">
   <class name="Rule" table="Rule">
      <meta attribute="class-description">
         This class contains the Rule detail. 
      </meta>
      <id name="RuleID" type="integer">
      <column name="RuleID" />
            <generator class="increment"></generator> 
      </id>
      <property name="FromDate" column="FromDate" type="string"/>
      <property name="ToDate" column="ToDate" type="string"/>
      <property name="FromUnitPrice" column="FromUnitPrice" type="integer"/>
      <property name="ToUnitPrice" column="ToUnitPrice" type="integer"/>
      <property name="FromUnitWeight" column="FromUnitWeight" type="integer"/>
      <property name="ToUnitWeight" column="ToUnitWeight" type="integer"/>
      <property name="MinStuffNumber" column="MinStuffNumber" type="integer"/>
      <property name="MaxStuffNumber" column="MaxStuffNumber" type="integer"/>
      <property name="Stuffs" column="Stuffs" type="string"/>
      <property name="Companies" column="Companies" type="string"/>
      <property name="Mojavez" column="Mojavez" type="string"/>
      <property name="ApproachID" column="ApproachID" type="integer"/>
   </class>
</hibernate-mapping>