<?xml version="1.0" encoding="utf-8"?>
<!DOCTYPE hibernate-mapping PUBLIC 
 "-//Hibernate/Hibernate Mapping DTD//EN"
 "http://www.hibernate.org/dtd/hibernate-mapping-3.0.dtd"> 

<hibernate-mapping package="Domain">
   <class name="Tajer" table="Tajer">
      <meta attribute="class-description">
         This class contains the Tajer detail. 
      </meta>
      <id name="tid" type="integer">
      <column name="tid" />
            <generator class="increment"></generator> 
      </id>
      
      <property name="FirstName" column="FirstName" type="string"/>
      <property name="LastName" column="LastName" type="string"/>
      <property name="SSID" column="SSID" type="integer"/>
      
       <set name="License" inverse="false" cascade="all" lazy="false">
				<key column="tid" not-null="true" />
				<one-to-many class="Domain.License"/>
			</set>
			
		<set name="Ezharname" inverse="false" cascade="all" lazy="false">
				<key column="tid" not-null="true" />
				<one-to-many class="Domain.Ezharname"/>
			</set>
      
   </class>
</hibernate-mapping>